"cab_type","avg_tip_pct","avg_fare","trips"
"yellow",0.1432020434996119,12.195313467642867,1306734972
"green",5.528312801164542e-7,10.962310244011363,80472374
