{
  "total_restaurants": 21910,
  "three_star_count": 171,
  "tokyo_vs_paris": {
    "tokyo_total": 718,
    "paris_total": 529,
    "tokyo_star_points": 275,
    "paris_star_points": 169
  },
  "green_stars": {
    "total": 732,
    "percentage": 3.340940209949795
  },
  "top_star_efficiency_countries": {
    "Macau": 0.5573770491803278,
    "Norway": 0.4838709677419355,
    "Denmark": 0.464,
    "Hong Kong": 0.45528455284552843,
    "Japan": 0.3927038626609442
  }
}